<?xml version="1.0" encoding="UTF-8"?>
<project-private xmlns="http://www.netbeans.org/ns/project-private/1">
    <editor-bookmarks xmlns="http://www.netbeans.org/ns/editor-bookmarks/2" lastBookmarkId="1">
        <file>
            <url>web/registroMascota.jsp</url>
            <bookmark id="1">
                <name/>
                <line>33</line>
                <key/>
            </bookmark>
        </file>
    </editor-bookmarks>
    <open-files xmlns="http://www.netbeans.org/ns/projectui-open-files/2">
        <group>
            <file>file:/C:/Users/mauri/Downloads/VeterinariaV2/web/JS/app-jquery.js</file>
            <file>file:/C:/Users/mauri/Downloads/VeterinariaV2/web/registro.html</file>
            <file>file:/C:/Users/mauri/Downloads/VeterinariaV2/web/index.html</file>
            <file>file:/C:/Users/mauri/Downloads/VeterinariaV2/web/JS/dueñoValidacion.js</file>
            <file>file:/C:/Users/mauri/Downloads/VeterinariaV2/src/java/Controles/Conexion.java</file>
        </group>
    </open-files>
</project-private>
